id,isbn,title,all_authors,publisher,publication_date,author_gender,format,category,orthography
bstream_001,9789113065588,Alla kan se dig,Anna Jansson,Norstedts,2015-03-19,F,beststreamer,CRIME,quot
bstream_002,9789113049991,"Falleri, fallera, falleralla",Carin Gerhardsen,Norstedts,2015-05-21,F,beststreamer,CRIME,dash
bstream_003,9789174614206,Hämnaren,"Dag Öhrlund, Dan Buthler",Lind & Co,2015-04-15,M,beststreamer,CRIME,quot
bstream_004,9789173489492,Vita spår,Emelie Schepp,Bonnier Audio,2015-05-19,F,beststreamer,CRIME,dash
bstream_005,9789174614541,Dominodöden,Jonas Moström,Lind & Co,2015-07-20,M,beststreamer,CRIME,quot
bstream_006,9789176510285,Den gränslöse,Jussi Adler-Olsen,Bonnier Audio,2015-05-04,M,beststreamer,CRIME,quot
bstream_007,9789176510698,Skymningsflickan,Katarina Wennstam,Bonnier Audio,2015-07-31,F,beststreamer,CRIME,quot
bstream_008,9789173489553,En mörkare himmel : Gran Canaria,"Mari Jungstedt, Ruben Eliassen",Bonnier Audio,2014-12-30,2,beststreamer,CRIME,dash
bstream_009,9789176510636,I sanningens namn,Viveca Sten,Bonnier Audio,2015-11-04,F,beststreamer,CRIME,quot
bstream_010,9789113071169,Rädslans fångar : Ett nytt fall för Maria Wern,Anna Jansson,Norstedts,2016-03-10,F,beststreamer,CRIME,quot
bstream_011,9789176511329,Kärlek sökes,Carin Hjulström,Bonnier Audio,2016-04-13,F,beststreamer,OTHER,dash
bstream_012,9789174616392,Där inga ögon ser,Dag Öhrlund,Lind & Co,2016-05-23,M,beststreamer,CRIME,quot
bstream_013,9789174615203,Motvind,"Dag Öhrlund, Dan Buthler",Lind & Co,2015-12-23,M,beststreamer,CRIME,quot
bstream_014,9789176512616,På sex meters djup,Denise Rudberg,Bonnier Audio,2016-10-19,F,beststreamer,CRIME,dash
bstream_015,9789176511992,Prio ett,Emelie Schepp,Bonnier Audio,2016-05-16,F,beststreamer,CRIME,dash
bstream_017,9789176291948,Mordbrännaren,"Anders Gustafson, Johan Kant",Bokfabriken,2016-03-24,M,beststreamer,CRIME,dash
bstream_018,9789174616545,Midnattsflickor,Jonas Moström,Lind & Co,2016-07-04,M,beststreamer,CRIME,quot
bstream_019,9789176511299,När livet börjar om,Lucy Dillon,Bonnier Audio,2016-01-27,F,beststreamer,OTHER,quot
bstream_020,9789176512005,Välkommen hem,Ninni Schulman,Bonnier Audio,2016-08-17,F,beststreamer,CRIME,quot
bstream_021,9789113074184,Sov du lilla videung,"Cilla Börjlind, Rolf Börjlind",Norstedts,2016-08-11,2,beststreamer,CRIME,dash
bstream_022,9789176793305,Den hemliga kvinnan,Anna Ekberg,Norstedts,2017-03-30,F,beststreamer,CRIME,dash
bstream_023,9789113076119,Det du inte vet,Anna Jansson,Norstedts,2017-03-09,F,beststreamer,CRIME,quot
bstream_024,9789174617740,Tryggare kan ingen vara,Dag Öhrlund,Lind & Co,2016-12-23,M,beststreamer,CRIME,quot
bstream_025,9789174619652,Uppståndelsen,"Dag Öhrlund, Dan Buthler",Lind & Co,2017-05-29,M,beststreamer,CRIME,quot
bstream_026,9789176515808,De sju som såg,Denise Rudberg,Bonnier Audio,2017-10-11,F,beststreamer,CRIME,dash
bstream_027,9789177790112,Trogen intill döden,Jonas Moström,Lind & Co,2017-07-06,M,beststreamer,CRIME,quot
bstream_028,9789175237060,Prästens lilla flicka,Susan Casserfelt,Word Audio Publishing,2016-12-21,F,beststreamer,CRIME,quot
bstream_029,9789175237084,Den tatuerade cirkeln,Susan Casserfelt,Word Audio Publishing,2017-02-24,F,beststreamer,CRIME,quot
bstream_030,9789113084664,Kvinnan på bänken,Anna Jansson,Norstedts,2018-03-08,F,beststreamer,CRIME,quot
bstream_031,9789185247578,Bakom stängda dörrar,B.A. Paris,Jentas SE,2017-12-15,F,beststreamer,CRIME,quot
bstream_033,9789188321183,5:e Moseboken,Christina Larsson,Word Audio Publishing,2018-01-16,F,beststreamer,CRIME,quot
bstream_034,9789175239866,Nådastöten,Christina Larsson,Word Audio Publishing,2018-02-16,F,beststreamer,CRIME,quot
bstream_035,9789177792673,Se till mig som liten är,Dag Öhrlund,Lind & Co,2018-01-15,M,beststreamer,CRIME,quot
bstream_036,9789177795254,Domaren,Dag Öhrlund,Lind & Co,2018-08-20,M,beststreamer,CRIME,quot
bstream_037,9789188107664,Hämndens pris,Erik Lewin,Bokförlaget NoNa,2018-06-07,M,beststreamer,CRIME,quot
bstream_038,9789176298985,Änglabarnet,"Anders Gustafson, Johan Kant",Bokfabriken,2018-02-12,M,beststreamer,CRIME,quot
bstream_039,9789177794486,Skuggorna ruva,Jonas Moström,Lind & Co,2018-09-17,M,beststreamer,CRIME,quot
bstream_040,9789176298190,Ondskans ansikte,Mats Ahlstedt,Bokfabriken,2018-03-16,M,beststreamer,CRIME,dash
bstream_042,9789113091976,Mitt hjärta är ditt,Anna Jansson,Norstedts,2019-03-10,F,beststreamer,CRIME,quot
bstream_043,9789113098920,Dotter saknad,Anna Jansson,Norstedts,2019-09-05,F,beststreamer,CRIME,quot
bstream_044,9789178611423,Ingen lämnas kvar,Dag Öhrlund,Lind & Co,2019-05-31,M,beststreamer,CRIME,quot
bstream_045,9789178273324,Under nio nätter,Denise Rudberg,Bonnier Audio,2019-10-09,F,beststreamer,CRIME,dash
bstream_046,9789176136737,Snödrev,Helene Tursten,Storyside,2018-12-20,F,beststreamer,CRIME,dash
bstream_047,9789178273850,Offer 2117,Jussi Adler-Olsen,Bonnier Audio,2019-11-05,M,beststreamer,CRIME,quot
bstream_048,9789178350940,Sista färjan från Ystad,Karin Alfredsson,Bokfabriken,2019-04-14,F,beststreamer,CRIME,dash
bstream_049,9789178351275,Trojanen,Mats Ahlstedt,Bokfabriken,2019-03-09,M,beststreamer,CRIME,dash
bstream_050,9789178610051,Morden på Mörkö,Samuel Karlsson,Lind & Co,2019-01-15,M,beststreamer,CRIME,quot
bstream_052,9789179039998,När regnen upphör,Dag Öhrlund,Lind & Co,2020-11-04,M,beststreamer,CRIME,quot
bstream_053,9789113101521,Dödslistan,Anna Jansson,Norstedts,2020-03-05,F,beststreamer,CRIME,quot
bstream_055,9789113108377,Fruset guld,"Cilla Börjlind, Rolf Börjlind",Norstedts,2020-07-09,2,beststreamer,CRIME,dash
bstream_059,9789137158792,Offermakaren,Viveca Sten,Bonnier Audio,2020-10-14,F,beststreamer,CRIME,quot
bstream_060,9789189057050,De sju systrarna,Lucinda Riley,BZR Publishing AB,2019-10-14,F,beststreamer,OTHER,quot
bstream_062,9789178274772,Ödesmark,Stina Jackson,Bonnier Audio,2020-04-09,F,beststreamer,CRIME,dash
bstream_063,9789189087644,Tio grisar nere,Denise Rudberg,Stockholm Text,2020-10-12,F,beststreamer,CRIME,dash
bstream_064,9789100185077,Sovsågott,Anders Roslund,Bonnier Audio,2020-06-15,M,beststreamer,CRIME,dash
bstream_065,9789113108391,Skuggan bakom dig,Anna Jansson,Norstedts,2020-08-13,F,beststreamer,CRIME,quot
orig_001,S9789178151202,1986 - S1,Jesper Ersgård,Storytel Original,2018-08-21,M,original,CRIME,dash
orig_002,S9789178691302,1986 - S2,Jesper Ersgård,Storytel Original,2019-06-19,M,original,CRIME,dash
orig_003,S9789179076603,1986 - S3,Jesper Ersgård,Storytel Original,2020-06-24,M,original,CRIME,dash
orig_004,S9789178699896,42 kilo kärlek,Felicia Welander,Storytel Original,2020-04-15,F,original,OTHER,quot
orig_005,9789179916756,Akademin,Eva Maria Fredensborg,Storytel Original,2019-03-20,F,original,CRIME,quot
orig_006,9789179673277,Akademin 2 - Pojken som försvann,Eva Maria Fredensborg,Storytel Original,2020-08-26,F,original,CRIME,quot
orig_008,S9789178699490,Änkornas begravningsbyrå,Johanna Nilsson,Storytel Original,2020-07-16,F,original,OTHER,quot
orig_009,S9789178606368,Annars tar jag dig - S1,C S Duffy,Storytel Original,2019-02-25,F,original,CRIME,quot
orig_010,9789179259488,Av jord är du kommen,Marko Kilpi,Storytel Original,2018-06-19,M,original,CRIME,dash
orig_011,S9789177612315,Bergtagen - S1,"Linda Skugge, Sigrid Tollgård",Storytel Original,2017-10-31,F,original,CRIME,dash
orig_012,S9789176134658,"Blod, tvätt & dårar - S1",Max Landergård,Storytel Original,2016-12-27,M,original,OTHER,quot
orig_013,S9789177354024,Blodet ropar - S1,Edmond Alonso,Storytel Original,2016-11-22,M,original,CRIME,quot
orig_014,S9789176136041,Byvalla - S1,Karin Janson,Storytel Original,2016-07-26,F,original,OTHER,quot
orig_015,S9789177356622,Byvalla - S2,Karin Janson,Storytel Original,2017-05-10,F,original,OTHER,quot
orig_016,S9789177788379,Byvalla - S3,Karin Janson,Storytel Original,2018-02-27,F,original,OTHER,quot
orig_017,S9789178416806,Centralgången - Del 1,"Felicia Welander, Gunnar Svensén, Karin Janson, Magnus Abrahamsson, Storytel Writers' Room",Storytel Original,2018-12-01,2,original,OTHER,quot
orig_018,S9789177916291,Dalagatan 14 - S1,"Karina Berg Johansson, Magnus Nordin",Storytel Original,2017-12-01,2,original,CRIME,quot
orig_019,S9789177352877,De herrelösa hundarna - S1,Fredrik Hardenborg,Storytel Original,2017-03-20,M,original,CRIME,quot
orig_020,S9789177610519,De själlösa - S1,Helene Holmström,Storytel Original,2017-07-04,F,original,CRIME,quot
orig_021,S9789177352976,Deadline - S1,Carl V Andersson,Storytel Original,2017-02-21,M,original,CRIME,quot
orig_026,S9789178170838,Dolt nummer - S1,Niklas Lindroth,Storytel Original,2019-08-01,M,original,CRIME,quot
orig_027,S9789178601363,Drömmen om Tom,Sara Dalengren,Storytel Original,2020-07-01,F,original,OTHER,quot
orig_028,S9789177911999,Ellen Holms - privatdetektiv - S1,Nicolet Steemers,Storytel Original,2018-01-09,F,original,CRIME,quot
orig_029,S9789177911616,En andra chans - S1,Martyn van Beek,Storytel Original,2017-07-11,M,original,CRIME,quot
orig_030,9789179910341,En annan strand,Klas Lundström,Storytel Original,2017-08-28,M,original,OTHER,dash
orig_031,S9789177610953,En ohelig allians - S1,Maria Vickberg,Storytel Original,2017-09-26,F,original,CRIME,quot
orig_032,S9789177354017,Evas första vecka som död - S1,Anders Fager,Storytel Original,2017-04-11,M,original,OTHER,quot
orig_033,S9789178157983,Fader Malakis ögon - S01,Marko Hautala,Storytel Original,2018-12-25,M,original,CRIME,quot
orig_034,S9789179078089,Förändringarnas vindar - Del 1,Veronica Almer,Storytel Original,2020-06-22,F,original,OTHER,quot
orig_035,S9789178071067,Gäddsimmerskan - S1,Cecilia Klang,Storytel Original,2018-07-03,F,original,OTHER,quot
orig_036,S9789178694082,Gäddsimmerskan och bryggmästarens kärlek - S2E1,Cecilia Klang,Storytel Original,2020-01-03,F,original,OTHER,quot
orig_037,S9789176134542,Graffitimorden,Christian Holmqvist,Storytel Original,2016-09-20,M,original,CRIME,quot
orig_038,S9789176136249,Gustav III checkar in - S1,Christian Holmqvist,Storytel Original,2016-06-14,M,original,OTHER,quot
orig_039,S9789178010509,Gustav III checkar in - S2,Christian Holmqvist,Storytel Original,2017-10-17,M,original,OTHER,quot
orig_040,9789177610205,Gustav III checkar in – julspecial,Christian Holmqvist,Storytel Original,2016-12-20,M,original,OTHER,quot
orig_041,S9789178157785,Ha ett underbart år,Tove Meyer,Storytel Original,2020-06-09,F,original,OTHER,quot
orig_042,9789179916732,Härifrån till dig,Albert Lindemalm,Storytel Original,2017-05-25,M,original,OTHER,quot
orig_043,S9789177351009,I krig och kärlek,"Caroline Grimwalker, Leffe Grimwalker",Storytel Original,2016-09-27,2,original,OTHER,quot
orig_044,S9789177350507,Jordbunden - S1,Erik Thulin,Storytel Original,2016-11-01,M,original,CRIME,dash
orig_045,S9789177788263,Jordbunden - S2,Erik Thulin,Storytel Original,2017-09-05,M,original,CRIME,quot
orig_046,S9789178691500,Jordbunden - S3,Erik Thulin,Storytel Original,2019-06-07,M,original,CRIME,quot
orig_047,9789177356721,Jul i Byvalla,Karin Janson,Storytel Original,2016-12-20,F,original,OTHER,quot
orig_048,9789179917234,Jul på Huvudkontoret,Gunnar Svensén,Storytel Original,2019-12-01,M,original,OTHER,quot
orig_049,S9789178071265,Jungfruresan - S1,Joel Arvidsson,Storytel Original,2018-10-02,M,original,OTHER,quot
orig_050,S9789178155521,Kalla fötter - S1,Karin Janson,Storytel Original,2019-07-17,F,original,OTHER,quot
orig_051,S9789177786825,Kämpa tjejer! - S1,Jenny Gromark Wennberg,Storytel Original,2018-10-09,F,original,OTHER,quot
orig_052,S9789177351993,Kropparna i Timmerdalen - S1,Gustaf Gustafsson,Storytel Original,2017-04-28,M,original,OTHER,quot
orig_053,S9789179673031,Lillforsa Ladies,Karin Janson,Storytel Original,2020-12-01,F,original,OTHER,quot
orig_054,S9789178151608,Majken Linds mordmysterier - S1,"Boel Bermann, Olle Söderström",Storytel Original,2018-03-19,2,original,CRIME,quot
orig_055,S9789177350804,Maskeradstaden,Maria Monciu,Storytel Original,2016-08-02,F,original,OTHER,quot
orig_056,9789179910495,Mördarens syster,Emma Andersson,Storytel Original,2019-04-23,F,original,CRIME,quot
orig_057,9789179677657,Mörkermannen,Anna Bågstam,Storytel Original,2021-01-11,F,original,CRIME,quot
orig_058,S9789177912385,Mörkt arv - S1,Arianna Bommarco,Storytel Original,2017-11-28,F,original,CRIME,quot
orig_059,9789179256692,Nära gränsen – Gisslan,Daniel Åberg,Storytel Original,2019-07-30,M,original,CRIME,quot
orig_060,9789179910549,Nära gränsen – Hotet,Daniel Åberg,Storytel Original,2020-11-25,M,original,CRIME,quot
orig_061,S9789178412303,Nina i Granbergsbyn - S1,Anna Holmström Degerman,Storytel Original,2018-11-06,F,original,OTHER,quot
orig_062,S9789179076207,Nina i Granbergsbyn - S2,Anna Holmström Degerman,Storytel Original,2019-11-13,F,original,OTHER,quot
orig_063,9789180111058,Ögonvittnet,Anna Bågstam,Storytel Original,2018-05-15,F,original,CRIME,quot
orig_064,S9789177614920,Önskebrunnen - S1,"Felicia Welander, Peo Bengtsson",Storytel Original,2017-09-19,2,original,CRIME,quot
orig_065,9789178075010,Panopticon,JC Koldemo,Storytel Original,2020-09-02,F,original,OTHER,quot
orig_066,9789177617105,Rovdrift,Joel Wallon,Storytel Original,2020-07-22,M,original,OTHER,other
orig_067,S9789177350408,Ryggdjur,Hanna von Corswant,Storytel Original,2016-11-08,F,original,CRIME,quot
orig_068,S9789178608447,Saknad - S1,Lone Theils,Storytel Original,2019-09-16,F,original,CRIME,quot
orig_069,S9789177354222,Samtal pågår,"Henrik Karlsson, Tiina Nevala",Storytel Original,2016-10-11,2,original,OTHER,quot
orig_070,S9789178151004,Sekten - S1,Maria Nordström,Storytel Original,2019-03-27,F,original,CRIME,quot
orig_071,9789179917920,Semesterkaos på Huvudkontoret,Gunnar Svensén,Storytel Original,2019-07-09,M,original,OTHER,quot
orig_072,9789180111072,Skuggspelet,Anna Bågstam,Storytel Original,2019-10-07,F,original,CRIME,quot
orig_073,9789178414826,Slutspel,Nina Hampusson,Storytel Original,2020-10-16,F,original,OTHER,quot
orig_074,S9789177610311,Sofia Tholls kabinett - S1,Elisabeth Östnäs,Storytel Original,2017-06-13,F,original,CRIME,quot
orig_075,S9789178171033,Stackars Birger - S1,Martina Montelius,Storytel Original,2018-09-18,F,original,OTHER,quot
orig_076,S9789177350903,Stockholm Psycho,Anna Bågstam,Storytel Original,2016-10-25,F,original,CRIME,quot
orig_077,S9789178391608,Storm,Karina Berg Johansson,Storytel Original,2020-07-22,F,original,CRIME,quot
orig_078,S9789176135181,Summer Karlsson - S1,Johanna Nilsson,Storytel Original,2017-03-07,F,original,OTHER,quot
orig_079,S9789177787884,Summer Karlsson - S2,Johanna Nilsson,Storytel Original,2017-10-24,F,original,OTHER,quot
orig_080,S9789178158386,Summer Karlsson - S3,Johanna Nilsson,Storytel Original,2018-09-25,F,original,OTHER,quot
orig_081,S9789176135365,Svart stjärna - S1,"Jesper Ersgård, Joakim Ersgård",Storytel Original,2016-07-05,M,original,OTHER,dash
orig_082,S9789177352402,Svart stjärna - S2,"Jesper Ersgård, Joakim Ersgård",Storytel Original,2016-12-13,M,original,OTHER,dash
orig_083,S9789177611882,Svart stjärna - S3,"Jesper Ersgård, Joakim Ersgård",Storytel Original,2017-07-18,M,original,OTHER,dash
orig_085,S9789176135266,Tick Tack - S1,Leffe Grimwalker,Storytel Original,2016-08-16,M,original,CRIME,quot
orig_086,S9789177358176,Tick Tack - S2,Leffe Grimwalker,Storytel Original,2017-03-28,M,original,CRIME,quot
orig_087,S9789177919681,Tick Tack - S3,Leffe Grimwalker,Storytel Original,2018-07-17,M,original,CRIME,quot
orig_088,9789179259464,Tio platser du måste besöka efter min död,Karin Wallén,Storytel Original,2017-08-15,F,original,OTHER,quot
orig_089,S9789179076405,Utpost,Dmitry Glukhovsky,Storytel Original,2019-09-25,M,original,OTHER,quot
orig_091,S9789176135945,Vargland - S1,Björn Olofsson,Storytel Original,2016-06-21,M,original,CRIME,quot
orig_092,S9789177613343,Vargland - S2,Björn Olofsson,Storytel Original,2017-08-08,M,original,CRIME,quot
orig_093,S9789177351108,Vespers vidunderliga äventyr,Ida Kjellin,Storytel Original,2016-11-15,F,original,OTHER,quot
orig_094,S9789179076009,Victoria Bonde - Jakten,Leffe Grimwalker,Storytel Original,2020-08-12,M,original,CRIME,quot
orig_095,9789179910716,Virus:1,Daniel Åberg,Storytel Original,2016-07-12,M,original,OTHER,quot
orig_096,9789179910730,Virus:2,Daniel Åberg,Storytel Original,2017-01-24,M,original,OTHER,quot
orig_097,9789179910754,Virus:3,Daniel Åberg,Storytel Original,2017-06-28,M,original,OTHER,quot
orig_098,9789179910778,Virus:4,Daniel Åberg,Storytel Original,2018-04-03,M,original,OTHER,quot
orig_099,9789179910792,Virus:5,Daniel Åberg,Storytel Original,2018-10-23,M,original,OTHER,quot
orig_100,9789179910815,Virus:6,Daniel Åberg,Storytel Original,2019-05-05,M,original,OTHER,quot
orig_101,9789179076801,Virus:7,Daniel Åberg,Storytel Original,2020-05-05,M,original,OTHER,quot
orig_102,S9789177358435,Westins bageri & kafé - S1,Solja Krapu-Kallio,Storytel Original,2016-12-01,F,original,OTHER,dash
orig_103,S9789177614821,Westins bageri & kafé - S2,Solja Krapu-Kallio,Storytel Original,2017-10-03,F,original,OTHER,dash
orig_104,S9789178075997,Westins bageri & kafé - S3,Solja Krapu-Kallio,Storytel Original,2018-04-17,F,original,OTHER,dash
orig_105,S9789178606764,Westins bageri & kafé - S4,Solja Krapu-Kallio,Storytel Original,2019-01-29,F,original,OTHER,dash
SvB_BS_001,9789173480062,Da Vinci-koden,Dan Brown,Bonnier Audio,2009-10-05,M,bestseller,CRIME,quot
SvB_BS_002,9789164230089,Tjuvarnas marknad,Jan Guillou,Piratförlaget,2004-09-01,M,bestseller,CRIME,quot
SvB_BS_004,9789185430239,Skuggorna och regnet,Håkan Nesser,Norstedts,2006-05-01,M,bestseller,CRIME,quot
SvB_BS_005,9789173480246,I skuggan av ett brott,Helena Henschen,Bonnier Audio,2008-11-13,F,bestseller,OTHER,other
SvB_BS_006,9789173135597,Boken om Blanche och Marie,Per Olov Enquist,Norstedts,2008-07-01,M,bestseller,PRESTIGE,dash
SvB_BS_007,9789173484749,Gregorius,Bengt Ohlsson,Bonnier Audio,2010-05-28,M,bestseller,PRESTIGE,dash
SvB_BS_008,9789164230225,Den röda vargen,Liza Marklund,Piratförlaget,2003-06-01,F,bestseller,CRIME,dash
SvB_BS_009,9789173489034,"En annan tid, ett annat liv",Leif G.W. Persson,Bonnier Audio,2014-05-01,M,bestseller,CRIME,dash
SvB_BS_010,9789164230126,Bortom sanningen,Anne Holt,Piratförlaget,2006-06-01,F,bestseller,CRIME,dash
SvB_BS_011,9789176516997,Ett öga rött,Jonas Hassen Khemiri,Bonnier Audio,2017-05-15,M,bestseller,OTHER,other
SvB_BS_012,9789173480741,Solstorm,Åsa Larsson,Bonnier Audio,2007-11-13,F,bestseller,CRIME,dash
SvB_BS_013,9789173480222,Änglar och demoner,Dan Brown,Bonnier Audio,2009-10-01,M,bestseller,CRIME,quot
SvB_BS_014,9789173480352,I cirkelns mitt,Dan Brown,Bonnier Audio,2009-10-01,M,bestseller,CRIME,quot
SvB_BS_015,9789100152277,Linda - som i Lindamordet,Leif G.W. Persson,Bonniers,2005,M,bestseller,CRIME,dash
SvB_BS_017,9789173431057,Kennedys hjärna,Henning Mankell,Leopard Förlag,2018-02-23,M,bestseller,OTHER,dash
SvB_BS_018,9789173480307,Stenhuggaren,Camilla Läckberg,Bonnier Audio,2007-09-21,F,bestseller,CRIME,quot
SvB_BS_019,9789176515761,Efter alla år av saknad,Peter Robinson,Bonnier Audio,2018-05-04,M,bestseller,CRIME,quot
SvB_BS_020,9789173480116,Det blod som spillts,Åsa Larsson,Bonnier Audio,2007-09-21,F,bestseller,CRIME,dash
SvB_BS_021,9789173480086,Predikanten,Camilla Läckberg,Bonnier Audio,2007-11-05,F,bestseller,CRIME,quot
SvB_BS_022,9789170361159,Små citroner gula,Kajsa Ingemarsson,Storyside,2006-05-01,F,bestseller,OTHER,quot
SvB_BS_023,9789173481533,Tillsammans är man mindre ensam,Anna Gavalda,Bonnier Audio,2007-09-21,F,bestseller,OTHER,dash
SvB_BS_024,9789164230881,Madame Terror,Jan Guillou,Piratförlaget,2006-08-01,M,bestseller,CRIME,quot
SvB_BS_025,9789164230737,Nobels testamente,Liza Marklund,Piratförlaget,2006-06-01,F,bestseller,CRIME,dash
SvB_BS_026,9789173133609,Flickan som lekte med elden,Stieg Larsson,Norstedts,2007-05-01,M,bestseller,CRIME,quot
SvB_BS_027,9789173480543,Olycksfågeln,Camilla Läckberg,Bonnier Audio,2007-09-21,F,bestseller,CRIME,quot
SvB_BS_028,9789173480611,Svart stig,Åsa Larsson,Bonnier Audio,2007-09-21,F,bestseller,CRIME,dash
SvB_BS_029,9789173480468,Människa utan hund,Håkan Nesser,Bonnier Audio,2007-09-21,M,bestseller,CRIME,quot
SvB_BS_030,9789173481182,Svinalängorna,Susanna Alakoski,Bonnier Audio,2007-11-05,F,bestseller,PRESTIGE,dash
SvB_BS_031,9789173133029,Mannen som dog som en lax,Mikael Niemi,Norstedts,2007-06-01,M,bestseller,OTHER,dash
SvB_BS_032,9789178090969,Skam,Karin Alvtegen,Brombergs,2019-06-24,F,bestseller,OTHER,quot
SvB_BS_034,9789170360985,Den ryske vännen,Kajsa Ingemarsson,Storyside,2006-05-01,F,bestseller,OTHER,quot
SvB_BS_035,9789173489355,En lek med eld,Peter Robinson,Bonnier Audio,2014-07-01,M,bestseller,CRIME,quot
SvB_BS_036,9789173133586,Män som hatar kvinnor,Stieg Larsson,Norstedts,2007-04-01,M,bestseller,CRIME,quot
SvB_BS_037,9789173480451,Isprinsessan,Camilla Läckberg,Bonnier Audio,2007-09-21,F,bestseller,CRIME,quot
SvB_BS_038,9789173489027,Mordet på Harriet Krohn,Karin Fossum,Bonnier Audio,2014-06-26,F,bestseller,CRIME,dash
SvB_BS_039,9789173480628,Mossvikenfruar - Chansen,Emma Hamberg,Bonnier Audio,2007-09-21,F,bestseller,OTHER,quot
SvB_BS_040,9789164234278,Box 21,Roslund & Hellström,Piratförlaget,2020-01-17,M,bestseller,CRIME,dash
SvB_BS_041,9789173480208,Flickan med majblommorna,Karin Wahlberg,Bonnier Audio,2007-09-21,F,bestseller,CRIME,dash
SvB_BS_042,9789173133692,Luftslottet som sprängdes,Stieg Larsson,Norstedts,2007-04-01,M,bestseller,CRIME,quot
SvB_BS_043,9789173481205,Tyskungen,Camilla Läckberg,Bonnier Audio,2007-10-19,F,bestseller,CRIME,quot
SvB_BS_044,9789164231598,Livstid,Liza Marklund,Piratförlaget,2007-08-01,F,bestseller,CRIME,dash
SvB_BS_045,9789173481434,Faller fritt som i en dröm,Leif G.W. Persson,Bonnier Audio,2007-09-21,M,bestseller,CRIME,dash
SvB_BS_046,9789173481588,En helt annan historia,Håkan Nesser,Bonnier Audio,2007-11-05,M,bestseller,CRIME,quot
SvB_BS_047,9789164231628,Fienden inom oss,Jan Guillou,Piratförlaget,2007-09-01,M,bestseller,CRIME,quot
SvB_BS_048,9789173134477,Norrlands Akvavit,Torgny Lindgren,Norstedts,2007-10-01,M,bestseller,PRESTIGE,other
SvB_BS_049,9789173487443,Tusen strålande solar,Khaled Hosseini,Bonnier Audio,2013-06-03,M,bestseller,OTHER,quot
SvB_BS_050,9789178090976,Skugga,Karin Alvtegen,Brombergs,2017-09-01,F,bestseller,CRIME,quot
SvB_BS_051,9789173489362,En märklig affär,Peter Robinson,Bonnier Audio,2014-07-01,M,bestseller,CRIME,quot
SvB_BS_052,9789173487450,Flyga drake,Khaled Hosseini,Bonnier Audio,2013-06-03,M,bestseller,OTHER,quot
SvB_BS_053,9789173480895,Den döende dandyn,Mari Jungstedt,Bonnier Audio,2007-09-21,F,bestseller,CRIME,dash
SvB_BS_054,9789173480642,Snabba cash,Jens Lapidus,Bonnier Audio,2007-11-05,M,bestseller,CRIME,quot
SvB_BS_055,9789176517000,Montecore,Jonas Hassen Khemiri,Bonnier Audio,2017-05-15,M,bestseller,PRESTIGE,other
SvB_BS_056,9789173481724,Nu vill jag sjunga dig milda sånger,Linda Olsson,Bonnier Audio,2008-04-01,F,bestseller,OTHER,quot
SvB_BS_057,9789173481793,Aldrig fucka upp,Jens Lapidus,Bonnier Audio,2008-05-27,M,bestseller,CRIME,quot
SvB_BS_058,9789164232113,Men inte om det gäller din dotter,Jan Guillou,Piratförlaget,2008-08-01,M,bestseller,CRIME,quot
SvB_BS_059,9789173481823,Sjöjungfrun,Camilla Läckberg,Bonnier Audio,2008-05-27,F,bestseller,CRIME,quot
SvB_BS_060,9789173432351,Kinesen,Henning Mankell,Leopard Förlag,2018-02-23,M,bestseller,CRIME,dash
SvB_BS_061,9789164232298,En plats i solen,Liza Marklund,Piratförlaget,2008-09-01,F,bestseller,CRIME,dash
SvB_BS_062,9789173481885,Den som dödar draken,Leif G.W. Persson,Bonnier Audio,2008-05-29,M,bestseller,CRIME,dash
SvB_BS_063,9789173482042,Till dess din vrede upphör,Åsa Larsson,Bonnier Audio,2008-09-15,F,bestseller,CRIME,dash
SvB_BS_064,9789173482486,Nattfåk,Johan Theorin,Bonnier Audio,2008-09-15,M,bestseller,CRIME,quot
SvB_BS_065,9789170361821,Midvinterblod,Mons Kallentoft,Storyside,2007-06-01,M,bestseller,CRIME,quot
SvB_BS_066,9789170362361,Mig äger ingen,Åsa Linderborg,Storyside,2007-11-01,F,bestseller,PRESTIGE,dash
SvB_BS_067,9789173483889,Den förlorade symbolen,Dan Brown,Bonnier Audio,2009-10-21,M,bestseller,CRIME,quot
SvB_BS_068,9789173482981,Fyrvaktaren,Camilla Läckberg,Bonnier Audio,2009-09-16,F,bestseller,CRIME,quot
SvB_BS_069,9789173432764,Den orolige mannen,Henning Mankell,Leopard Förlag,2018-04-09,M,bestseller,CRIME,dash
SvB_BS_070,9789178273034,Hypnotisören - Black edition,Lars Kepler,Bonnier Audio,2019-06-11,2,bestseller,CRIME,dash
SvB_BS_071,9789164232496,Tre sekunder,Roslund & Hellström,Piratförlaget,2009-05-01,M,bestseller,CRIME,dash
SvB_BS_072,9789164232519,Hundraåringen som klev ut genom fönstret och försvann,Jonas Jonasson,Piratförlaget,2009-09-01,M,bestseller,OTHER,dash
SvB_BS_073,9789173482912,Den dubbla tystnaden,Mari Jungstedt,Bonnier Audio,2009-06-08,F,bestseller,CRIME,dash
SvB_BS_074,9789173481779,Den mörka ängeln,Mari Jungstedt,Bonnier Audio,2008-06-24,F,bestseller,CRIME,dash
SvB_BS_075,9789170362897,Sommardöden,Mons Kallentoft,Storyside,2008-05-01,M,bestseller,CRIME,quot
SvB_BS_076,9789176513484,Snömannen,Jo Nesbø,Bonnier Audio,2017-01-30,M,bestseller,CRIME,quot
SvB_BS_077,9789173484220,Paganinikontraktet,Lars Kepler,Bonnier Audio,2010-07-15,2,bestseller,CRIME,dash
SvB_BS_078,9789173483964,Blodläge,Johan Theorin,Bonnier Audio,2010-04-29,M,bestseller,CRIME,quot
SvB_BS_079,9789173484329,Den döende detektiven,Leif G.W. Persson,Bonnier Audio,2010-08-13,M,bestseller,CRIME,dash
SvB_BS_080,9789164232540,Postcard Killers,Liza Marklund,Piratförlaget,2010-01-01,2,bestseller,CRIME,dash
SvB_BS_081,9789164232328,1222 över havet,Anne Holt,Piratförlaget,2008-10-01,F,bestseller,CRIME,dash
SvB_BS_082,9789113024837,Bara vanligt vatten,Kajsa Ingemarsson,Norstedts,2009-04-01,F,bestseller,OTHER,quot
SvB_BS_083,9789170369698,Boktjuven,Markus Zusak,Storyside,2018-09-13,M,bestseller,OTHER,quot
SvB_BS_084,9789186223168,Igelkottens elegans,Muriel Barbery,Word Audio Publishing,2010-10-01,F,bestseller,OTHER,dash
SvB_BS_085,9789170363979,Höstoffer,Mons Kallentoft,Storyside,2009-05-01,M,bestseller,CRIME,quot
SvB_BS_086,9789173482578,I den innersta kretsen,Viveca Sten,Bonnier Audio,2009-04-08,F,bestseller,CRIME,quot
SvB_BS_087,9789173485630,Eldvittnet,Lars Kepler,Bonnier Audio,2011-11-11,2,bestseller,CRIME,dash
SvB_BS_088,9789173485432,Änglamakerskan,Camilla Läckberg,Bonnier Audio,2011-09-19,F,bestseller,CRIME,quot
SvB_BS_089,9789186719043,En dag,David Nicholls,A Nice Noise,2010-11-01,M,bestseller,OTHER,quot
SvB_BS_090,9789173485227,Livet deluxe,Jens Lapidus,Bonnier Audio,2011-06-10,M,bestseller,CRIME,quot
SvB_BS_091,9789164232731,Brobyggarna,Jan Guillou,Piratförlaget,2011-09-01,M,bestseller,OTHER,quot
SvB_BS_092,9789173484879,Niceville,Kathryn Stockett,Bonnier Audio,2010-09-15,F,bestseller,OTHER,quot
SvB_BS_093,9789164232779,"Du gamla, du fria",Liza Marklund,Piratförlaget,2011-11-01,F,bestseller,CRIME,dash
SvB_BS_094,9789176513453,Pansarhjärta,Jo Nesbø,Bonnier Audio,2017-02-24,M,bestseller,CRIME,quot
SvB_BS_095,9789173485210,Det fjärde offret,Mari Jungstedt,Bonnier Audio,2011-05-17,F,bestseller,CRIME,dash
SvB_BS_096,9789113030234,Drömmen förde dej vilse,Anna Jansson,Norstedts,2010-05-01,F,bestseller,CRIME,quot
SvB_BS_097,9789173485685,Grand final i skojarbranschen,Kerstin Ekman,Bonnier Audio,2011-10-07,F,bestseller,OTHER,other
SvB_BS_098,9789113033334,Det fördolda,"Hans Rosenfeldt, Michael Hjorth",Norstedts,2010-08-01,M,bestseller,CRIME,dash
SvB_BS_099,9789176513576,Huvudjägarna,Jo Nesbø,Bonnier Audio,2016-10-04,M,bestseller,CRIME,quot
SvB_BS_100,9789113036564,Spill,Sigrid Combüchen,Norstedts,2016-06-10,F,bestseller,PRESTIGE,other
SvB_BS_101,9789173485548,Sankta Psyko,Johan Theorin,Bonnier Audio,2011-09-29,M,bestseller,CRIME,quot
SvB_BS_102,9789164232618,Tusenskönor,Kristina Ohlsson,Piratförlaget,2010-08-01,F,bestseller,CRIME,dash
SvB_BS_103,9789173483872,I grunden utan skuld,Viveca Sten,Bonnier Audio,2010-03-24,F,bestseller,CRIME,quot
SvB_BS_104,9789173485203,I natt är du död,Viveca Sten,Bonnier Audio,2011-04-11,F,bestseller,CRIME,quot
SvB_BS_105,9789170366369,Den femte årstiden,Mons Kallentoft,Storyside,2011-06-01,M,bestseller,CRIME,quot
SvB_BS_106,9789173485371,Utrensning,Sofi Oksanen,Bonnier Audio,2010-12-01,F,bestseller,PRESTIGE,dash
SvB_BS_107,9789173485647,Ensamma hjärtan och hemlösa hundar,Lucy Dillon,Bonnier Audio,2012-06-01,F,bestseller,OTHER,quot
SvB_BS_108,9789173484800,Strindbergs stjärna,Jan Wallentin,Bonnier Audio,2010-10-01,M,bestseller,CRIME,dash
SvB_BS_109,9789173486576,Sandmannen,Lars Kepler,Bonnier Audio,2012-11-09,2,bestseller,CRIME,dash
SvB_BS_110,9789164232687,Änglavakter,Kristina Ohlsson,Piratförlaget,2011-04-01,F,bestseller,CRIME,dash
SvB_BS_111,9789113038292,Någonstans inom oss,Kajsa Ingemarsson,Norstedts,2011-07-01,F,bestseller,OTHER,quot
SvB_BS_112,9789113045832,Torka aldrig tårar utan handskar: 1. Kärleken,Jonas Gardell,Norstedts,2012-08-01,M,bestseller,OTHER,quot
SvB_BS_114,9789164232861,Dandy,Jan Guillou,Piratförlaget,2012-09-01,M,bestseller,OTHER,quot
SvB_BS_115,9789173486224,Den sista akten,Mari Jungstedt,Bonnier Audio,2012-05-15,F,bestseller,CRIME,dash
SvB_BS_117,9789164232830,Två soldater,Roslund & Hellström,Piratförlaget,2012-05-01,M,bestseller,CRIME,dash
SvB_BS_118,9789113038308,Lärjungen,"Hans Rosenfeldt, Michael Hjorth",Norstedts,2011-08-01,M,bestseller,CRIME,dash
SvB_BS_119,9789173486194,I stundens hetta,Viveca Sten,Bonnier Audio,2012-06-15,F,bestseller,CRIME,quot
SvB_BS_120,9789173484930,Till offer åt Molok,Åsa Larsson,Bonnier Audio,2012-03-20,F,bestseller,CRIME,dash
SvB_BS_121,9789176513545,Gengångare,Jo Nesbø,Bonnier Audio,2017-02-24,M,bestseller,CRIME,quot
SvB_BS_122,9789173486606,En man som heter Ove,Fredrik Backman,Bonnier Audio,2012-08-27,M,bestseller,OTHER,dash
SvB_BS_123,9789113046013,Fjällgraven,"Hans Rosenfeldt, Michael Hjorth",Norstedts,2012-10-01,M,bestseller,CRIME,dash
SvB_BS_124,9789113039077,Helgonet,Carin Gerhardsen,Norstedts,2011-06-01,F,bestseller,CRIME,dash
SvB_BS_126,9789170367281,Felicia försvann,Felicia Feldt,Storyside,2012-01-01,F,bestseller,OTHER,dash
SvB_BS_129,9789173486415,Vattenänglar,Mons Kallentoft,Bonnier Audio,2012-08-06,M,bestseller,CRIME,quot
SvB_BS_130,9789187343742,Livet efter dig,Jojo Moyes,Printz Publishing,2015-06-26,F,bestseller,OTHER,quot
SvB_BS_131,9789173487115,Inferno,Dan Brown,Bonnier Audio,2013-05-14,M,bestseller,CRIME,quot
SvB_BS_132,9789186719432,Little Bee,Chris Cleave,A Nice Noise,2012-05-01,M,bestseller,OTHER,quot
SvB_BS_133,9789173483025,Den sanna historien om Pinocchios näsa : en roman om ett brott,Leif G.W. Persson,Bonnier Audio,2013-09-26,M,bestseller,CRIME,dash
SvB_BS_134,9789164232960,Analfabeten som kunde räkna,Jonas Jonasson,Piratförlaget,2013-09-01,M,bestseller,OTHER,dash
SvB_BS_135,9789113056012,Innan floden tar oss,Helena Thorfinn,Norstedts,2013-06-01,F,bestseller,OTHER,quot
SvB_BS_136,9789164232953,Mellan rött och svart,Jan Guillou,Piratförlaget,2013-09-01,M,bestseller,OTHER,quot
SvB_BS_137,9789164232823,Paradisoffer,Kristina Ohlsson,Piratförlaget,2012-04-01,F,bestseller,CRIME,dash
SvB_BS_138,9789173486903,Du går inte ensam,Mari Jungstedt,Bonnier Audio,2013-05-03,F,bestseller,CRIME,dash
SvB_BS_139,9789164232977,Lyckliga gatan,Liza Marklund,Piratförlaget,2013-10-01,F,bestseller,CRIME,dash
SvB_BS_140,9789113041100,När skönheten kom till Bro,Anna Jansson,Norstedts,2012-03-01,F,bestseller,CRIME,quot
SvB_BS_141,9789176513477,Polis,Jo Nesbø,Bonnier Audio,2017-02-24,M,bestseller,CRIME,quot
SvB_BS_142,9789170365546,För mycket lycka,Alice Munro,Storyside,2010-08-01,F,bestseller,PRESTIGE,quot
SvB_BS_143,9789173486507,Kaffe med rån,Catharina Ingelman-Sundberg,Bonnier Audio,2012-08-01,F,bestseller,CRIME,quot
SvB_BS_144,9789173486910,I farans riktning,Viveca Sten,Bonnier Audio,2013-05-20,F,bestseller,CRIME,quot
SvB_BS_145,9789173487221,Min mormor hälsar och säger förlåt,Fredrik Backman,Bonnier Audio,2013-09-24,M,bestseller,OTHER,dash
SvB_BS_146,9789186615970,Mörka platser,Gillian Flynn,Word Audio Publishing,2012-11-01,F,bestseller,CRIME,quot
SvB_BS_147,9789113044101,Gideons ring,Carin Gerhardsen,Norstedts,2012-05-01,F,bestseller,CRIME,dash
SvB_BS_148,9789173486996,Och bergen svarade,Khaled Hosseini,Bonnier Audio,2013-06-03,M,bestseller,OTHER,quot
SvB_BS_149,9789178272488,Flaskpost från P,Jussi Adler-Olsen,Bonnier Audio,2012-04-01,M,bestseller,CRIME,quot
SvB_BS_150,9789113047003,Torka aldrig tårar utan handskar: 2. Sjukdomen,Jonas Gardell,Norstedts,2013-01-01,M,bestseller,OTHER,quot
SvB_BS_151,9789127139534,Egenmäktigt förfarande : En roman om kärlek,Lena Andersson,Natur & Kultur,2013-12-01,F,bestseller,PRESTIGE,dash
SvB_BS_152,9789170368608,Handen : ett fall för Wallander,Henning Mankell,Storyside,2013-08-01,M,bestseller,CRIME,dash
SvB_BS_153,9789173487214,Rörgast,Johan Theorin,Bonnier Audio,2013-10-01,M,bestseller,CRIME,quot
SvB_BS_154,9789164233028,Att inte vilja se,Jan Guillou,Piratförlaget,2014-08-28,M,bestseller,OTHER,quot
SvB_BS_155,9789173488617,Stalker,Lars Kepler,Bonnier Audio,2014-10-24,2,bestseller,CRIME,dash
SvB_BS_156,9789175230269,Gone Girl,Gillian Flynn,Word Audio Publishing,2013-08-01,F,bestseller,CRIME,quot
SvB_BS_157,9789173488631,Lejontämjaren,Camilla Läckberg,Bonnier Audio,2014-11-17,F,bestseller,CRIME,quot
SvB_BS_158,9789173488020,VIP-rummet,Jens Lapidus,Bonnier Audio,2014-06-03,M,bestseller,CRIME,quot
SvB_BS_159,9789188261175,Sophies historia,Jojo Moyes,Printz Publishing,2015-11-19,F,bestseller,OTHER,quot
SvB_BS_160,9789127141919,Utan personligt ansvar,Lena Andersson,Natur & Kultur,2014-10-30,F,bestseller,OTHER,dash
SvB_BS_161,9789176513552,Sonen,Jo Nesbø,Bonnier Audio,2016-10-04,M,bestseller,CRIME,quot
SvB_BS_162,9789113050737,Än klappar hjärtan,Helena von Zweigbergk,Norstedts,2013-09-01,F,bestseller,OTHER,quot
SvB_BS_163,9789170369506,Jag heter inte Miriam,Majgull Axelsson,Storyside,2014-03-17,F,bestseller,OTHER,quot
SvB_BS_165,9789113067445,De underkända,"Hans Rosenfeldt, Michael Hjorth",Norstedts,2015-10-15,M,bestseller,CRIME,quot
SvB_BS_166,9789164233189,Blå stjärnan,Jan Guillou,Piratförlaget,2015-09-03,M,bestseller,OTHER,quot
SvB_BS_167,9789113060798,Det som inte dödar oss : Millennium 4,David Lagercrantz,Norstedts,2015-09-10,M,bestseller,CRIME,quot
SvB_BS_168,9789173488594,Bombmakaren och hans kvinna,Leif G.W. Persson,Bonnier Audio,2015-07-27,M,bestseller,CRIME,dash
SvB_BS_169,9789176517321,Britt-Marie var här,Fredrik Backman,Bonnier Audio,2017-07-01,M,bestseller,OTHER,dash
SvB_BS_170,9789164233202,Mördar-Anders och hans vänner (samt en och annan ovän),Jonas Jonasson,Piratförlaget,2015-09-24,M,bestseller,OTHER,dash
SvB_BS_171,9789176510742,Allt jag inte minns,Jonas Hassen Khemiri,Bonnier Audio,2015-09-01,M,bestseller,PRESTIGE,dash
SvB_BS_172,9789176510629,STHLM DELETE,Jens Lapidus,Bonnier Audio,2015-10-07,M,bestseller,CRIME,quot
SvB_BS_173,9789164233196,Det är något som inte stämmer,Martina Haag,Piratförlaget,2015-11-20,F,bestseller,OTHER,dash
SvB_BS_174,9789173487962,Playground,Lars Kepler,Bonnier Audio,2015-10-21,2,bestseller,CRIME,quot
SvB_BS_175,9789164233158,Järnblod,Liza Marklund,Piratförlaget,2015-06-18,F,bestseller,CRIME,dash
SvB_BS_176,9789187343933,Arvet efter dig,Jojo Moyes,Printz Publishing,2015-12-25,F,bestseller,OTHER,quot
SvB_BS_177,9789164233004,Björndansen,Roslund & Thunberg,Piratförlaget,2014-05-28,M,bestseller,CRIME,dash
SvB_BS_178,9789113067537,Liv till varje pris,Kristina Sandberg,Norstedts,2014-11-27,F,bestseller,PRESTIGE,other
SvB_BS_179,9789176510926,Konsten att höra hjärtslag,Jan-Philipp Sendker,Bonnier Audio,2015-07-17,M,bestseller,OTHER,quot
SvB_BS_180,9789187343858,Etthundra mil,Jojo Moyes,Printz Publishing,2015-10-13,F,bestseller,OTHER,quot
SvB_BS_181,9789187343759,Sista brevet från din älskade,Jojo Moyes,Printz Publishing,2015-07-16,F,bestseller,OTHER,quot
SvB_BS_182,9789187377860,Visning pågår,Sofie Sarenbrant,Stockholm Text,2014-04-02,F,bestseller,CRIME,quot
SvB_BS_183,9789113067513,Att föda ett barn,Kristina Sandberg,Norstedts,2014-12-23,F,bestseller,OTHER,other
SvB_BS_184,9789164233066,Lotus blues,Kristina Ohlsson,Piratförlaget,2014-10-02,F,bestseller,CRIME,dash
SvB_BS_185,9789173488136,Offer utan ansikte,Stefan Ahnhem,Bonnier Audio,2014-06-25,M,bestseller,CRIME,quot
SvB_BS_186,9789176470008,Öppnas i händelse av min död,Liane Moriarty,Bonnier Audio,2015-04-08,F,bestseller,OTHER,quot
SvB_BS_187,9789127141070,Stoner,John Williams,Natur & Kultur,2014-07-03,M,bestseller,OTHER,quot
SvB_BS_188,9789173377508,I skymningen sjunger koltrasten,Linda Olsson,Brombergs,2015-12-17,F,bestseller,OTHER,quot
SvB_BS_189,9789173487986,I maktens skugga,Viveca Sten,Bonnier Audio,2014-05-15,F,bestseller,CRIME,quot
SvB_BS_190,9789175232508,Jakthundarna,Jørn Lier Horst,Word Audio Publishing,2014-03-27,M,bestseller,CRIME,quot
SvB_BS_191,9789113050881,Den stumma flickan,"Hans Rosenfeldt, Michael Hjorth",Norstedts,2014-09-25,M,bestseller,CRIME,quot
SvB_BS_192,9789164233325,Tre minuter,Roslund & Hellström,Piratförlaget,2016-05-26,M,bestseller,CRIME,dash
SvB_BS_193,9789176512579,Kaninjägaren,Lars Kepler,Bonnier Audio,2016-10-24,2,bestseller,CRIME,dash
SvB_BS_194,9789176513354,Kan man dö två gånger? : En roman om ett brott,Leif G.W. Persson,Bonnier Audio,2016-09-23,M,bestseller,CRIME,dash
SvB_BS_195,9789164233356,Äkta amerikanska jeans,Jan Guillou,Piratförlaget,2016-08-31,M,bestseller,OTHER,other
SvB_BS_196,9789176512524,Simma med de drunknade,Lars Mytting,Bonnier Audio,2016-04-21,M,bestseller,OTHER,quot
SvB_BS_198,9789187885181,Avdelning 73,Sofie Sarenbrant,Word Audio Publishing,2015-04-21,F,bestseller,CRIME,quot
SvB_BS_199,9789176511978,Det andra ansiktet,Mari Jungstedt,Bonnier Audio,2016-05-12,F,bestseller,CRIME,dash
SvB_BS_200,9789176512197,Störst av allt,Malin Persson Giolito,Bonnier Audio,2016-06-20,F,bestseller,CRIME,quot
SvB_BS_201,9789176511565,Snövit ska dö,Nele Neuhaus,Bonnier Audio,2015-12-22,F,bestseller,CRIME,quot
SvB_BS_202,9789188345639,Glöm mig,Alex Schulman,Stockholm Text,2016-10-06,M,bestseller,OTHER,quot
SvB_BS_204,9789127147362,I varje ögonblick är vi fortfarande vid liv,Tom Malmquist,Natur & Kultur,2015-10-08,M,bestseller,PRESTIGE,other
SvB_BS_205,9789176512814,Kvinna inför rätta,Louise Doughty,Bonnier Audio,2016-05-31,F,bestseller,CRIME,quot
SvB_BS_206,9789187885358,Tiggaren,Sofie Sarenbrant,Word Audio Publishing,2016-05-23,F,bestseller,CRIME,quot
SvB_BS_207,9789188345851,Bakom din rygg,Sofie Sarenbrant,Stockholm Text,2017-05-22,F,bestseller,CRIME,quot
SvB_BS_208,9789164233745,1968,Jan Guillou,Piratförlaget,2017-08-24,M,bestseller,OTHER,quot
SvB_BS_210,9789176512623,Arton grader minus,Stefan Ahnhem,Bonnier Audio,2016-10-13,M,bestseller,CRIME,quot
SvB_BS_211,9789176518359,Återstoden av dagen,Kazuo Ishiguro,Bonnier Audio,2017-11-22,M,bestseller,PRESTIGE,quot
SvB_BS_213,9789176511282,Hjärtats innersta röst,Jan-Philipp Sendker,Bonnier Audio,2016-03-09,M,bestseller,OTHER,quot
SvB_BS_214,9789174616644,Vänd dig inte om,Tove Alsterdal,Lind & Co,2016-08-22,F,bestseller,CRIME,quot
SvB_BS_215,9789113087009,De kommer att drunkna i sina mödrars tårar,Johannes Anyuru,Norstedts,2018-03-29,M,bestseller,PRESTIGE,quot
SvB_BS_216,9789176517086,Björnstad,Fredrik Backman,Bonnier Audio,2017-07-01,M,bestseller,OTHER,dash
SvB_BS_217,9789173431774,Italienska skor,Henning Mankell,Leopard Förlag,2018-02-23,M,bestseller,OTHER,dash
SvB_BS_218,9789173480888,Krigets gudar : Kejsaren IV,Conn Iggulden,Bonnier Audio,2009-10-13,M,bestseller,OTHER,quot
SvB_BS_219,9789113052953,Vänaste land,Åke Edwardson,Norstedts,2007-03-01,M,bestseller,CRIME,quot
SvB_BS_220,9789173481380,I denna ljuva sommartid,Mari Jungstedt,Bonnier Audio,2007-10-25,F,bestseller,CRIME,dash
SvB_BS_221,9789173134330,Lyckans hjul,Kajsa Ingemarsson,Norstedts,2007-08-01,F,bestseller,OTHER,quot
SvB_BS_222,9789164231659,Flickan under gatan,Roslund & Hellström,Piratförlaget,2007-09-01,M,bestseller,CRIME,dash
SvB_BS_223,9789173481441,Tröstaren,Karin Wahlberg,Bonnier Audio,2007-09-21,F,bestseller,CRIME,dash
SvB_BS_224,9789173481618,Skumtimmen,Johan Theorin,Bonnier Audio,2007-09-21,M,bestseller,CRIME,quot
SvB_BS_225,9789173483094,Tårtgeneralen,"Filip Hammar, Fredrik Wikingsson",Bonnier Audio,2009-11-20,M,bestseller,OTHER,quot
SvB_BS_226,9789100185978,Ängelns lek,Carlos Ruiz Zafon,Bonnier Audio,2020-04-14,M,bestseller,OTHER,dash
SvB_BS_227,9789173483056,Matthandlare Olssons död,Karin Wahlberg,Bonnier Audio,2009-11-13,F,bestseller,CRIME,quot
SvB_BS_228,9789173483421,Bergens väktare : Erövraren III,Conn Iggulden,Bonnier Audio,2009-11-03,M,bestseller,OTHER,quot
SvB_BS_229,9789173482998,Maskarna på Carmine Street,Håkan Nesser,Bonnier Audio,2009-08-14,M,bestseller,CRIME,quot
SvB_BS_230,9789173484190,Den farliga leken,Mari Jungstedt,Bonnier Audio,2010-05-21,F,bestseller,CRIME,dash
SvB_BS_231,9789173484183,De ensamma,Håkan Nesser,Bonnier Audio,2010-05-21,M,bestseller,CRIME,quot
SvB_BS_232,9789170364501,Vårlik,Mons Kallentoft,Storyside,2010-05-01,M,bestseller,CRIME,quot
SvB_BS_237,9789170361180,Låt den rätte komma in,John Ajvide Lindqvist,Storyside,2008-10-01,M,bestseller,OTHER,quot
SvB_BS_238,9789170369612,Shantaram,Gregory David Roberts,Brombergs,2007,M,bestseller,OTHER,quot
SvB_BS_240,9789113048802,Femtio nyanser av honom,E.L. James,Norstedts,2016-04-18,F,bestseller,OTHER,quot
SvB_BS_241,9789113048840,Femtio nyanser av mörker,E.L. James,Norstedts,2016-04-18,F,bestseller,OTHER,quot
SvB_BS_242,9789113092096,Morgon i Jenin,Susan Abulhawa,Norstedts,2019-03-13,F,bestseller,OTHER,quot
SvB_BS_243,9789113048871,Femtio nyanser av frihet,E.L. James,Norstedts,2016-04-18,F,bestseller,OTHER,quot
SvB_BS_244,9789113072999,Min fantastiska väninna,Elena Ferrante,Norstedts,2016-03-24,F,bestseller,OTHER,quot
SvB_BS_245,9789113075594,Hennes nya namn,Elena Ferrante,Norstedts,2016-10-11,F,bestseller,OTHER,quot
SvB_BS_246,9789188261441,Toner i natten,Jojo Moyes,Printz Publishing,2016-12-22,F,bestseller,OTHER,quot
SvB_BS_247,9789176790090,Kvinnan på tåget,Paula Hawkins,Norstedts,2015-04-02,F,bestseller,CRIME,quot
SvB_BS_248,9789176791264,Det lilla bageriet på strandpromenaden,Jenny Colgan,Norstedts,2016-06-09,F,bestseller,OTHER,quot
SvB_BS_249,9789113073828,Mannen som sökte sin skugga,David Lagercrantz,Norstedts,2017-09-07,M,bestseller,CRIME,quot
SvB_BS_250,9789176515846,Begynnelse,Dan Brown,Bonnier Audio,2017-10-30,M,bestseller,CRIME,quot
SvB_BS_251,9789176513439,Häxan,Camilla Läckberg,Bonnier Audio,2017-04-07,F,bestseller,CRIME,quot
SvB_BS_252,9789113080055,Det förlorade barnet,Elena Ferrante,Norstedts,2017-06-15,F,bestseller,PRESTIGE,quot
SvB_BS_253,9789113077536,"Den som stannar, den som går",Elena Ferrante,Norstedts,2017-01-18,F,bestseller,OTHER,quot
SvB_BS_254,9789176514580,Top dogg,Jens Lapidus,Bonnier Audio,2017-06-01,M,bestseller,CRIME,quot
SvB_BS_255,9789176513613,Törst,Jo Nesbø,Bonnier Audio,2017-03-21,M,bestseller,CRIME,quot
SvB_BS_256,9789176518366,Never let me go,Kazuo Ishiguro,Bonnier Audio,2017-11-03,M,bestseller,PRESTIGE,quot
SvB_BS_257,9789176511336,Det förlovade landet,Mari Jungstedt,Bonnier Audio,2017-05-12,F,bestseller,CRIME,dash
SvB_BS_258,9789176514665,Selfies,Jussi Adler-Olsen,Bonnier Audio,2017-04-25,M,bestseller,CRIME,quot
SvB_BS_259,9789176790823,Sommar på strandpromenaden,Jenny Colgan,Norstedts,2016-06-16,F,bestseller,OTHER,quot
SvB_BS_260,9789176792506,Jul i det lilla bageriet på strandpromenaden,Jenny Colgan,Norstedts,2016-12-01,F,bestseller,OTHER,quot
SvB_BS_261,9789176515815,Lazarus,Lars Kepler,Bonnier Audio,2018-10-19,2,bestseller,CRIME,dash
SvB_BS_262,9789113088907,Till minne av en villkorslös kärlek,Jonas Gardell,Norstedts,2018-08-24,M,bestseller,OTHER,other
SvB_BS_263,9789188745569,Bränn alla mina brev,Alex Schulman,Stockholm Text,2018-12-04,M,bestseller,OTHER,quot
SvB_BS_264,9789164233981,De som dödar drömmar sover aldrig,Jan Guillou,Piratförlaget,2018-11-01,M,bestseller,OTHER,quot
SvB_BS_265,9789177710400,En andra chans,Jojo Moyes,Printz Publishing,2018-07-31,F,bestseller,OTHER,quot
SvB_BS_266,9789176518670,Ett mörker mitt ibland oss,Mari Jungstedt,Bonnier Audio,2018-06-01,F,bestseller,CRIME,dash
SvB_BS_267,9789176518663,I fel sällskap,Viveca Sten,Bonnier Audio,2018-05-09,F,bestseller,CRIME,quot
SvB_BS_268,9789188545596,Syndabocken,Sofie Sarenbrant,Stockholm Text,2018-05-21,F,bestseller,CRIME,quot
SvB_BS_269,9789113070919,En högre rättvisa,"Hans Rosenfeldt, Michael Hjorth",Norstedts,2018-11-01,M,bestseller,CRIME,quot
SvB_BS_270,9789176518892,De vänsterhäntas förening,Håkan Nesser,Bonnier Audio,2018-07-27,M,bestseller,CRIME,quot
SvB_BS_271,9789164233929,Tre timmar,Anders Roslund,Piratförlaget,2018-05-31,M,bestseller,CRIME,dash
SvB_BS_273,9789176519899,1793,Niklas Natt och Dag,Bonnier Audio,2018-03-27,M,bestseller,CRIME,quot
SvB_BS_274,9789176793251,Den lilla bokhandeln runt hörnet,Jenny Colgan,Norstedts,2017-06-22,F,bestseller,OTHER,quot
SvB_BS_275,9789176518922,Silvervägen,Stina Jackson,Bonnier Audio,2018-05-22,F,bestseller,CRIME,dash
SvB_BS_276,9789176517451,Bara ett barn,Malin Persson Giolito,Bonnier Audio,2017-12-05,F,bestseller,CRIME,quot
SvB_BS_277,9789177710011,Ensam i Paris (och andra historier),Jojo Moyes,Printz Publishing,2017-12-13,F,bestseller,OTHER,quot
SvB_BS_278,9789176515983,Husdjuret,Camilla Grebe,Bonnier Audio,2017-09-14,F,bestseller,CRIME,dash
SvB_BS_279,9789177990840,Den tyska flickan,Armando Lucas Correa,Louise Bäckelin Förlag,2020-02-05,M,bestseller,OTHER,quot
SvB_BS_280,9789177618683,Strandcaféet,Lucy Diamond,Storyside,2017-08-24,F,bestseller,OTHER,quot
SvB_BS_281,9789176519448,Kvinnan i fönstret,A.J. Finn,Bonnier Audio,2018-04-10,M,bestseller,CRIME,quot
SvB_BS_282,9789188545954,Blodlokan,Louise Boije af Gennäs,Stockholm Text,2018-01-16,F,bestseller,CRIME,quot
SvB_BS_283,9789164233592,Syndafloder,Kristina Ohlsson,Piratförlaget,2017-03-09,F,bestseller,CRIME,dash
SvB_BS_285,9789176334423,Pappas pojke,Emelie Schepp,HarperCollins Nordic,2017-08-21,F,bestseller,CRIME,dash
SvB_BS_286,9789113073873,Hon som måste dö,David Lagercrantz,Norstedts,2019-08-22,M,bestseller,CRIME,quot
SvB_BS_287,9789178270903,En bur av guld,Camilla Läckberg,Bonnier Audio,2019-04-11,F,bestseller,CRIME,quot
SvB_BS_288,9789178273980,1794,Niklas Natt och Dag,Bonnier Audio,2019-09-18,M,bestseller,CRIME,quot
SvB_BS_289,9789164234186,Den andra dödssynden,Jan Guillou,Piratförlaget,2019-08-29,M,bestseller,OTHER,quot
SvB_BS_290,9789178272150,Jag ser dig,Mari Jungstedt,Bonnier Audio,2019-06-04,F,bestseller,CRIME,dash
SvB_BS_291,9789178272235,Kniv,Jo Nesbø,Bonnier Audio,2019-06-26,M,bestseller,CRIME,quot
SvB_BS_292,9789176335208,Broder Jakob,Emelie Schepp,HarperCollins Nordic,2019-03-21,F,bestseller,CRIME,dash
SvB_BS_293,9789178275366,Löparna,Olga Tokarczuk,Bonnier Audio,2019-11-29,F,bestseller,PRESTIGE,dash
SvB_BS_294,9789177711964,Bergens stjärnor,Jojo Moyes,Printz Publishing,2019-10-07,F,bestseller,OTHER,quot
SvB_BS_295,9789188859181,Skamvrån,Sofie Sarenbrant,Stockholm Text,2019-05-20,F,bestseller,CRIME,quot
SvB_BS_296,9789178271009,Folk med ångest,Fredrik Backman,Bonnier Audio,2019-04-25,M,bestseller,OTHER,quot
SvB_BS_297,9789178274284,I hemlighet begravd,Viveca Sten,Bonnier Audio,2019-10-21,F,bestseller,CRIME,quot
SvB_BS_298,9789164233950,Hundraettåringen som tänkte att han tänkte för mycket,Jonas Jonasson,Piratförlaget,2018-10-15,M,bestseller,OTHER,dash
SvB_BS_299,9789178272372,Jamåhonleva,Anders Roslund,Bonnier Audio,2019-07-19,M,bestseller,CRIME,dash
SvB_BS_300,9789177950998,Jag for ner till bror,Karin Smirnoff,Bokförlaget Polaris,2018-10-22,F,bestseller,PRESTIGE,other
SvB_BS_301,9789178270002,En helt vanlig familj,Mattias Edvardsson,Bonnier Audio,2018-06-20,M,bestseller,CRIME,quot
SvB_BS_302,9789177490401,Bokhandeln på Riverside Drive,Frida Skybäck,Modern Audio,2018-07-18,F,bestseller,OTHER,quot
SvB_BS_303,9789188107916,Tatueraren i Auschwitz,Heather Morris,Bokförlaget NoNa,2018-12-11,F,bestseller,OTHER,quot
SvB_BS_304,9789176795682,Sommar på den lilla ön i havet,Jenny Colgan,Norstedts,2018-05-12,F,bestseller,OTHER,quot
SvB_BS_305,9789188745071,Det som göms i snö,Carin Gerhardsen,Stockholm Text,2018-09-25,F,bestseller,CRIME,dash
SvB_BS_306,9789178270170,Motiv X,Stefan Ahnhem,Bonnier Audio,2018-09-19,M,bestseller,CRIME,quot
SvB_BS_307,9789127159693,Arv och miljö,Vigdis Hjorth,Natur & Kultur,2018-12-21,F,bestseller,PRESTIGE,other
SvB_BS_308,9789113088181,På egen hand,Marian Keyes,Norstedts,2018-08-03,M,bestseller,OTHER,quot
SvB_BS_309,9789100185282,Spegelmannen,Lars Kepler,Bonnier Audio,2020-10-21,2,bestseller,CRIME,dash
SvB_BS_310,9789178275625,Där kräftorna sjunger,Delia Owens,Bonnier Audio,2020-04-29,F,bestseller,OTHER,quot
SvB_BS_311,9789100186487,Samlade verk,Lydia Sandgren,Bonnier Audio,2020-05-13,F,bestseller,PRESTIGE,quot
SvB_BS_312,9789137156248,Vingar av silver,Camilla Läckberg,Bonnier Audio,2020-05-13,F,bestseller,CRIME,quot
SvB_BS_313,9789164234391,Slutet på historien,Jan Guillou,Piratförlaget,2020-08-24,M,bestseller,OTHER,quot
SvB_BS_314,9789100185954,Överlevarna,Alex Schulman,Bonnier Audio,2020-09-04,M,bestseller,OTHER,quot
SvB_BS_315,9789177952442,Sen for jag hem,Karin Smirnoff,Bokförlaget Polaris,2020-04-28,F,bestseller,OTHER,other
SvB_BS_316,9789189007499,Mytomanen,Sofie Sarenbrant,Stockholm Text,2020-05-25,F,bestseller,CRIME,quot
SvB_BS_317,9789113109305,Vargasommar,Hans Rosenfeldt,Norstedts,2020-09-24,M,bestseller,CRIME,quot
SvB_BS_318,9789177953135,Renegater,Klas Östergren,Bokförlaget Polaris,2020-09-10,M,bestseller,PRESTIGE,quot
SvB_BS_319,9789180060622,Solsystern : Electras bok,Lucinda Riley,Bazar Förlag,2020-10-28,F,bestseller,OTHER,quot
SvB_BS_320,9789100184230,Innan molnen kommer,Mari Jungstedt,Bonnier Audio,2020-06-01,F,bestseller,CRIME,dash
SvB_BS_321,9789127168916,Jag ser allt du gör,Annika Norlin,Weyler Förlag,2020-04-17,F,bestseller,PRESTIGE,quot
SvB_BS_323,9789189057326,Månsystern : Tiggys bok,Lucinda Riley,BZR Publishing AB,2020-01-27,F,bestseller,OTHER,quot
SvB_BS_324,9789177190615,Nio liv,Emelie Schepp,HarperCollins Nordic,2020-11-05,F,bestseller,CRIME,dash
SvB_BS_325,9789113098081,Testamente,Nina Wähä,Norstedts,2019-06-26,F,bestseller,PRESTIGE,dash
SvB_BS_326,9789177951483,Vi for upp med mor,Karin Smirnoff,Bokförlaget Polaris,2019-05-02,F,bestseller,OTHER,other
SvB_BS_327,9789113089645,Tillbaka till den lilla ön i havet,Jenny Colgan,Norstedts,2019-04-04,F,bestseller,OTHER,quot
SvB_BS_328,9789113093925,Det sista livet,"Peter Mohlin, Peter Nyström",Norstedts,2020-04-02,M,bestseller,CRIME,quot
SvB_BS_329,9789178272440,Krokodilväktaren,Katrine Engberg,Bonnier Audio,2019-06-11,F,bestseller,CRIME,quot
SvB_BS_330,9789177991724,Bokcirkeln vid världens ände,Frida Skybäck,Louise Bäckelin Förlag,2020-02-05,F,bestseller,OTHER,quot
SvB_BS_331,9789189007338,Råttkungen,Pascal Engman,Stockholm Text,2019-10-16,M,bestseller,CRIME,quot
SvB_BS_332,9789178274017,Normala människor,Sally Rooney,Bonnier Audio,2019-09-20,F,bestseller,PRESTIGE,other
SvB_BS_333,9789178272303,Det första chiffret,Denise Rudberg,Bonnier Audio,2019-05-13,F,bestseller,OTHER,dash
SvB_BS_334,9789113098968,Julafton på den lilla ön i havet,Jenny Colgan,Norstedts,2019-10-24,F,bestseller,OTHER,quot
